execution_id,workflow_name,start_time,status,duration_seconds,error_type,error_message,error_code,error_stack_summary,environment,workflow_step,service,endpoint,http_method,http_status,correlation_id,retry_count,application_version,provider
wa-exec-000001,WhatsApp Order Confirmation Sender,2026-09-16 20:23:30,success,0.376,,,,,production,send_template_message,messaging-service,/v19.0/{phone_number_id}/messages,POST,200,wamid.HBgL965296031834240,0,3.2.0,whatsapp-business-api
wa-exec-000002,WhatsApp Order Confirmation Sender,2026-09-16 21:24:03,success,1.584,,,,,production,send_template_message,messaging-service,/v19.0/{phone_number_id}/messages,POST,200,wamid.HBgL419365038236270,0,3.2.0,whatsapp-business-api
wa-exec-000003,WhatsApp Order Confirmation Sender,2026-09-16 22:11:56,success,1.413,,,,,production,send_template_message,messaging-service,/v19.0/{phone_number_id}/messages,POST,200,wamid.HBgL704525698052878,0,3.2.0,whatsapp-business-api
wa-exec-000004,WhatsApp Order Confirmation Sender,2026-09-16 23:31:29,success,0.602,,,,,production,send_template_message,messaging-service,/v19.0/{phone_number_id}/messages,POST,200,wamid.HBgL131500663674967,0,3.2.0,whatsapp-business-api
wa-exec-000005,WhatsApp Order Confirmation Sender,2026-09-17 00:15:55,success,1.133,,,,,production,send_template_message,messaging-service,/v19.0/{phone_number_id}/messages,POST,200,wamid.HBgL809888656950963,0,3.2.0,whatsapp-business-api
wa-exec-000006,WhatsApp Order Confirmation Sender,2026-09-17 01:24:45,success,1.163,,,,,production,send_template_message,messaging-service,/v19.0/{phone_number_id}/messages,POST,200,wamid.HBgL734572897523175,0,3.2.0,whatsapp-business-api
wa-exec-000007,WhatsApp Order Confirmation Sender,2026-09-17 02:16:23,success,0.597,,,,,production,send_template_message,messaging-service,/v19.0/{phone_number_id}/messages,POST,200,wamid.HBgL337660780927719,0,3.2.0,whatsapp-business-api
wa-exec-000008,WhatsApp Order Confirmation Sender,2026-09-17 03:17:07,success,1.225,,,,,production,send_template_message,messaging-service,/v19.0/{phone_number_id}/messages,POST,200,wamid.HBgL645680515719149,0,3.2.0,whatsapp-business-api
wa-exec-000009,WhatsApp Order Confirmation Sender,2026-09-17 04:17:46,success,0.572,,,,,production,send_template_message,messaging-service,/v19.0/{phone_number_id}/messages,POST,200,wamid.HBgL423454346883633,0,3.2.0,whatsapp-business-api
wa-exec-000010,WhatsApp Order Confirmation Sender,2026-09-17 04:30:39,success,1.137,,,,,production,send_template_message,messaging-service,/v19.0/{phone_number_id}/messages,POST,200,wamid.HBgL949443312404048,0,3.2.0,whatsapp-business-api
wa-exec-000011,WhatsApp Order Confirmation Sender,2026-09-17 06:09:00,success,0.96,,,,,production,send_template_message,messaging-service,/v19.0/{phone_number_id}/messages,POST,200,wamid.HBgL890882484294645,0,3.2.0,whatsapp-business-api
wa-exec-000012,WhatsApp Order Confirmation Sender,2026-09-17 06:21:18,failure,1.11,MESSAGE_UNDELIVERABLE,(#131026) Message Undeliverable - the recipient phone number is not a WhatsApp user or is unreachable.,131026,,production,send_template_message,messaging-service,/v19.0/{phone_number_id}/messages,POST,400,wamid.HBgL485325006351529,0,3.2.0,whatsapp-business-api
wa-exec-000013,WhatsApp Order Confirmation Sender,2026-09-17 07:39:02,success,0.961,,,,,production,send_template_message,messaging-service,/v19.0/{phone_number_id}/messages,POST,200,wamid.HBgL705456436344582,0,3.2.0,whatsapp-business-api
wa-exec-000014,WhatsApp Order Confirmation Sender,2026-09-17 08:14:21,success,1.392,,,,,production,send_template_message,messaging-service,/v19.0/{phone_number_id}/messages,POST,200,wamid.HBgL583745004483521,0,3.2.0,whatsapp-business-api
wa-exec-000015,WhatsApp Order Confirmation Sender,2026-09-17 09:14:01,success,0.658,,,,,production,send_template_message,messaging-service,/v19.0/{phone_number_id}/messages,POST,200,wamid.HBgL920025679890578,0,3.2.0,whatsapp-business-api
wa-exec-000016,WhatsApp Order Confirmation Sender,2026-09-17 10:14:58,success,0.665,,,,,production,send_template_message,messaging-service,/v19.0/{phone_number_id}/messages,POST,200,wamid.HBgL104741236479439,0,3.2.0,whatsapp-business-api
wa-exec-000017,WhatsApp Order Confirmation Sender,2026-09-17 11:26:39,failure,1.751,TEMPLATE_PARAM_MISMATCH,(#132000) Number of parameters provided in the template request (2) does not match the number of variables in the approved template (3).,132000,,production,send_template_message,messaging-service,/v19.0/{phone_number_id}/messages,POST,400,wamid.HBgL210398650642529,0,3.2.0,whatsapp-business-api
wa-exec-000018,WhatsApp Order Confirmation Sender,2026-09-17 11:55:28,success,1.745,,,,,production,send_template_message,messaging-service,/v19.0/{phone_number_id}/messages,POST,200,wamid.HBgL316316007972268,0,3.2.0,whatsapp-business-api
wa-exec-000019,WhatsApp Order Confirmation Sender,2026-09-17 12:48:23,success,1.662,,,,,production,send_template_message,messaging-service,/v19.0/{phone_number_id}/messages,POST,200,wamid.HBgL332499643299392,0,3.2.0,whatsapp-business-api
wa-exec-000020,WhatsApp Order Confirmation Sender,2026-09-17 14:18:15,success,1.151,,,,,production,send_template_message,messaging-service,/v19.0/{phone_number_id}/messages,POST,200,wamid.HBgL393529639852089,0,3.2.0,whatsapp-business-api
wa-exec-000021,WhatsApp Order Confirmation Sender,2026-09-17 15:06:31,success,1.288,,,,,production,send_template_message,messaging-service,/v19.0/{phone_number_id}/messages,POST,200,wamid.HBgL760199078616651,0,3.2.0,whatsapp-business-api
wa-exec-000022,WhatsApp Order Confirmation Sender,2026-09-17 16:06:27,success,0.307,,,,,production,send_template_message,messaging-service,/v19.0/{phone_number_id}/messages,POST,200,wamid.HBgL462287533857902,0,3.2.0,whatsapp-business-api
wa-exec-000023,WhatsApp Order Confirmation Sender,2026-09-17 16:54:42,success,0.577,,,,,production,send_template_message,messaging-service,/v19.0/{phone_number_id}/messages,POST,200,wamid.HBgL473877598229725,0,3.2.0,whatsapp-business-api
wa-exec-000024,WhatsApp Order Confirmation Sender,2026-09-17 17:23:45,success,1.585,,,,,production,send_template_message,messaging-service,/v19.0/{phone_number_id}/messages,POST,200,wamid.HBgL275072234536413,0,3.2.0,whatsapp-business-api
wa-exec-000025,WhatsApp Order Confirmation Sender,2026-09-17 19:03:36,success,0.845,,,,,production,send_template_message,messaging-service,/v19.0/{phone_number_id}/messages,POST,200,wamid.HBgL923863139791284,0,3.2.0,whatsapp-business-api
wa-exec-000026,WhatsApp Order Confirmation Sender,2026-09-17 19:28:28,success,0.341,,,,,production,send_template_message,messaging-service,/v19.0/{phone_number_id}/messages,POST,200,wamid.HBgL663402320423002,0,3.2.0,whatsapp-business-api
wa-exec-000027,WhatsApp Order Confirmation Sender,2026-09-17 20:18:29,success,1.709,,,,,production,send_template_message,messaging-service,/v19.0/{phone_number_id}/messages,POST,200,wamid.HBgL196479489796029,0,3.2.0,whatsapp-business-api
wa-exec-000028,WhatsApp Order Confirmation Sender,2026-09-17 21:35:15,success,0.679,,,,,production,send_template_message,messaging-service,/v19.0/{phone_number_id}/messages,POST,200,wamid.HBgL279924916245484,0,3.2.0,whatsapp-business-api
wa-exec-000029,WhatsApp Order Confirmation Sender,2026-09-17 22:33:28,success,1.226,,,,,production,send_template_message,messaging-service,/v19.0/{phone_number_id}/messages,POST,200,wamid.HBgL865938330446521,0,3.2.0,whatsapp-business-api
wa-exec-000030,WhatsApp Order Confirmation Sender,2026-09-17 23:32:49,success,0.693,,,,,production,send_template_message,messaging-service,/v19.0/{phone_number_id}/messages,POST,200,wamid.HBgL886019334348400,0,3.2.0,whatsapp-business-api
wa-exec-000031,WhatsApp Order Confirmation Sender,2026-09-18 00:26:31,success,0.898,,,,,production,send_template_message,messaging-service,/v19.0/{phone_number_id}/messages,POST,200,wamid.HBgL743045610975279,0,3.2.0,whatsapp-business-api
wa-exec-000032,WhatsApp Order Confirmation Sender,2026-09-18 01:27:18,success,0.825,,,,,production,send_template_message,messaging-service,/v19.0/{phone_number_id}/messages,POST,200,wamid.HBgL272900254211228,0,3.2.0,whatsapp-business-api
wa-exec-000033,WhatsApp Order Confirmation Sender,2026-09-18 02:14:07,success,1.339,,,,,production,send_template_message,messaging-service,/v19.0/{phone_number_id}/messages,POST,200,wamid.HBgL138589293627358,0,3.2.0,whatsapp-business-api
wa-exec-000034,WhatsApp Order Confirmation Sender,2026-09-18 02:44:49,success,1.023,,,,,production,send_template_message,messaging-service,/v19.0/{phone_number_id}/messages,POST,200,wamid.HBgL960355961856424,0,3.2.0,whatsapp-business-api
wa-exec-000035,WhatsApp Order Confirmation Sender,2026-09-18 03:37:36,success,1.28,,,,,production,send_template_message,messaging-service,/v19.0/{phone_number_id}/messages,POST,200,wamid.HBgL711656028455507,0,3.2.0,whatsapp-business-api
wa-exec-000036,WhatsApp Order Confirmation Sender,2026-09-18 04:57:18,failure,1.756,TEMPLATE_PARAM_MISMATCH,(#132000) Number of parameters provided in the template request (2) does not match the number of variables in the approved template (3).,132000,,production,send_template_message,messaging-service,/v19.0/{phone_number_id}/messages,POST,400,wamid.HBgL852138602330521,0,3.2.0,whatsapp-business-api
wa-exec-000037,WhatsApp Order Confirmation Sender,2026-09-18 05:45:49,failure,2.208,RATE_LIMIT_HIT,(#80007) Too many messages sent from this phone number in a short period of time. Retry after a short delay.,80007,,production,send_template_message,messaging-service,/v19.0/{phone_number_id}/messages,POST,429,wamid.HBgL861499060389038,2,3.2.0,whatsapp-business-api
wa-exec-000038,WhatsApp Order Confirmation Sender,2026-09-18 06:30:40,success,1.086,,,,,production,send_template_message,messaging-service,/v19.0/{phone_number_id}/messages,POST,200,wamid.HBgL497298990226868,0,3.2.0,whatsapp-business-api
wa-exec-000039,WhatsApp Order Confirmation Sender,2026-09-18 07:51:03,success,1.384,,,,,production,send_template_message,messaging-service,/v19.0/{phone_number_id}/messages,POST,200,wamid.HBgL766175094164734,0,3.2.0,whatsapp-business-api
wa-exec-000040,WhatsApp Order Confirmation Sender,2026-09-18 08:13:46,success,0.871,,,,,production,send_template_message,messaging-service,/v19.0/{phone_number_id}/messages,POST,200,wamid.HBgL767274080074364,0,3.2.0,whatsapp-business-api
wa-exec-000041,WhatsApp Order Confirmation Sender,2026-09-18 09:18:03,success,1.169,,,,,production,send_template_message,messaging-service,/v19.0/{phone_number_id}/messages,POST,200,wamid.HBgL706752565699654,0,3.2.0,whatsapp-business-api
wa-exec-000042,WhatsApp Order Confirmation Sender,2026-09-18 10:24:42,success,1.775,,,,,production,send_template_message,messaging-service,/v19.0/{phone_number_id}/messages,POST,200,wamid.HBgL517868405639965,0,3.2.0,whatsapp-business-api
wa-exec-000043,WhatsApp Order Confirmation Sender,2026-09-18 11:21:34,failure,1.879,OAUTH_TOKEN_EXPIRED,"(#190) Error validating access token: Session has expired on Tuesday, 23-Sep-26 04:00:00 PDT.",190,,production,send_template_message,messaging-service,/v19.0/{phone_number_id}/messages,POST,401,wamid.HBgL830747514679637,0,3.2.0,whatsapp-business-api
wa-exec-000044,WhatsApp Order Confirmation Sender,2026-09-18 12:11:05,failure,0.369,RE_ENGAGEMENT_WINDOW_EXPIRED,(#131047) Message failed to send because more than 24 hours have passed since the customer last replied to this number.,131047,,production,send_template_message,messaging-service,/v19.0/{phone_number_id}/messages,POST,400,wamid.HBgL465693333206452,0,3.2.0,whatsapp-business-api
wa-exec-000045,WhatsApp Order Confirmation Sender,2026-09-18 13:00:05,success,0.391,,,,,production,send_template_message,messaging-service,/v19.0/{phone_number_id}/messages,POST,200,wamid.HBgL711067036445437,0,3.2.0,whatsapp-business-api
wa-exec-000046,WhatsApp Order Confirmation Sender,2026-09-18 13:59:33,success,0.492,,,,,production,send_template_message,messaging-service,/v19.0/{phone_number_id}/messages,POST,200,wamid.HBgL505030509740703,0,3.2.0,whatsapp-business-api
wa-exec-000047,WhatsApp Order Confirmation Sender,2026-09-18 15:06:43,success,0.951,,,,,production,send_template_message,messaging-service,/v19.0/{phone_number_id}/messages,POST,200,wamid.HBgL223384032182831,0,3.2.0,whatsapp-business-api
wa-exec-000048,WhatsApp Order Confirmation Sender,2026-09-18 16:05:18,failure,0.433,MESSAGE_UNDELIVERABLE,(#131026) Message Undeliverable - the recipient phone number is not a WhatsApp user or is unreachable.,131026,,production,send_template_message,messaging-service,/v19.0/{phone_number_id}/messages,POST,400,wamid.HBgL370221683470195,0,3.2.0,whatsapp-business-api
wa-exec-000049,WhatsApp Order Confirmation Sender,2026-09-18 17:10:55,success,1.652,,,,,production,send_template_message,messaging-service,/v19.0/{phone_number_id}/messages,POST,200,wamid.HBgL155669014700034,0,3.2.0,whatsapp-business-api
wa-exec-000050,WhatsApp Order Confirmation Sender,2026-09-18 17:41:37,success,0.642,,,,,production,send_template_message,messaging-service,/v19.0/{phone_number_id}/messages,POST,200,wamid.HBgL934286492196459,0,3.2.0,whatsapp-business-api
wa-exec-000051,WhatsApp Order Confirmation Sender,2026-09-18 18:30:55,success,0.521,,,,,production,send_template_message,messaging-service,/v19.0/{phone_number_id}/messages,POST,200,wamid.HBgL959166818428519,0,3.2.0,whatsapp-business-api
wa-exec-000052,WhatsApp Order Confirmation Sender,2026-09-18 19:38:01,success,1.005,,,,,production,send_template_message,messaging-service,/v19.0/{phone_number_id}/messages,POST,200,wamid.HBgL693063506272132,0,3.2.0,whatsapp-business-api
wa-exec-000053,WhatsApp Order Confirmation Sender,2026-09-18 20:31:14,success,1.345,,,,,production,send_template_message,messaging-service,/v19.0/{phone_number_id}/messages,POST,200,wamid.HBgL275163328062129,0,3.2.0,whatsapp-business-api
wa-exec-000054,WhatsApp Order Confirmation Sender,2026-09-18 21:47:41,success,0.618,,,,,production,send_template_message,messaging-service,/v19.0/{phone_number_id}/messages,POST,200,wamid.HBgL542511766699855,0,3.2.0,whatsapp-business-api
wa-exec-000055,WhatsApp Order Confirmation Sender,2026-09-18 22:43:28,failure,0.898,OAUTH_TOKEN_EXPIRED,"(#190) Error validating access token: Session has expired on Tuesday, 23-Sep-26 04:00:00 PDT.",190,,production,send_template_message,messaging-service,/v19.0/{phone_number_id}/messages,POST,401,wamid.HBgL926944408668518,0,3.2.0,whatsapp-business-api
wa-exec-000056,WhatsApp Order Confirmation Sender,2026-09-18 23:00:12,success,0.956,,,,,production,send_template_message,messaging-service,/v19.0/{phone_number_id}/messages,POST,200,wamid.HBgL920484088051806,0,3.2.0,whatsapp-business-api
wa-exec-000057,WhatsApp Order Confirmation Sender,2026-09-19 00:04:53,success,1.077,,,,,production,send_template_message,messaging-service,/v19.0/{phone_number_id}/messages,POST,200,wamid.HBgL771070274642468,0,3.2.0,whatsapp-business-api
wa-exec-000058,WhatsApp Order Confirmation Sender,2026-09-19 01:09:10,failure,1.053,RE_ENGAGEMENT_WINDOW_EXPIRED,(#131047) Message failed to send because more than 24 hours have passed since the customer last replied to this number.,131047,,production,send_template_message,messaging-service,/v19.0/{phone_number_id}/messages,POST,400,wamid.HBgL626820734903442,0,3.2.0,whatsapp-business-api
wa-exec-000059,WhatsApp Order Confirmation Sender,2026-09-19 02:06:46,success,0.73,,,,,production,send_template_message,messaging-service,/v19.0/{phone_number_id}/messages,POST,200,wamid.HBgL775364092301176,0,3.2.0,whatsapp-business-api
wa-exec-000060,WhatsApp Order Confirmation Sender,2026-09-19 02:46:54,success,1.074,,,,,production,send_template_message,messaging-service,/v19.0/{phone_number_id}/messages,POST,200,wamid.HBgL414153090852324,0,3.2.0,whatsapp-business-api
wa-exec-000061,WhatsApp Order Confirmation Sender,2026-09-19 03:55:33,success,0.822,,,,,production,send_template_message,messaging-service,/v19.0/{phone_number_id}/messages,POST,200,wamid.HBgL334752425996563,0,3.2.0,whatsapp-business-api
wa-exec-000062,WhatsApp Order Confirmation Sender,2026-09-19 04:43:44,success,0.302,,,,,production,send_template_message,messaging-service,/v19.0/{phone_number_id}/messages,POST,200,wamid.HBgL923041239636497,0,3.2.0,whatsapp-business-api
wa-exec-000063,WhatsApp Order Confirmation Sender,2026-09-19 05:43:13,success,0.924,,,,,production,send_template_message,messaging-service,/v19.0/{phone_number_id}/messages,POST,200,wamid.HBgL856202967959248,0,3.2.0,whatsapp-business-api
wa-exec-000064,WhatsApp Order Confirmation Sender,2026-09-19 06:27:15,failure,0.238,TEMPLATE_PARAM_MISMATCH,(#132000) Number of parameters provided in the template request (2) does not match the number of variables in the approved template (3).,132000,,production,send_template_message,messaging-service,/v19.0/{phone_number_id}/messages,POST,400,wamid.HBgL801487703245957,0,3.2.0,whatsapp-business-api
wa-exec-000065,WhatsApp Order Confirmation Sender,2026-09-19 07:53:17,success,1.308,,,,,production,send_template_message,messaging-service,/v19.0/{phone_number_id}/messages,POST,200,wamid.HBgL446346679731261,0,3.2.0,whatsapp-business-api
wa-exec-000066,WhatsApp Order Confirmation Sender,2026-09-19 08:39:07,success,1.305,,,,,production,send_template_message,messaging-service,/v19.0/{phone_number_id}/messages,POST,200,wamid.HBgL263800526978165,0,3.2.0,whatsapp-business-api
wa-exec-000067,WhatsApp Order Confirmation Sender,2026-09-19 09:38:49,success,0.948,,,,,production,send_template_message,messaging-service,/v19.0/{phone_number_id}/messages,POST,200,wamid.HBgL836083641696583,0,3.2.0,whatsapp-business-api
wa-exec-000068,WhatsApp Order Confirmation Sender,2026-09-19 10:18:44,success,0.4,,,,,production,send_template_message,messaging-service,/v19.0/{phone_number_id}/messages,POST,200,wamid.HBgL396132254646894,0,3.2.0,whatsapp-business-api
wa-exec-000069,WhatsApp Order Confirmation Sender,2026-09-19 11:01:12,success,1.425,,,,,production,send_template_message,messaging-service,/v19.0/{phone_number_id}/messages,POST,200,wamid.HBgL855622758866999,0,3.2.0,whatsapp-business-api
wa-exec-000070,WhatsApp Order Confirmation Sender,2026-09-19 12:19:39,success,1.399,,,,,production,send_template_message,messaging-service,/v19.0/{phone_number_id}/messages,POST,200,wamid.HBgL778099992717440,0,3.2.0,whatsapp-business-api
wa-exec-000071,WhatsApp Order Confirmation Sender,2026-09-19 12:46:16,success,1.0,,,,,production,send_template_message,messaging-service,/v19.0/{phone_number_id}/messages,POST,200,wamid.HBgL145272986308903,0,3.2.0,whatsapp-business-api
wa-exec-000072,WhatsApp Order Confirmation Sender,2026-09-19 14:17:58,success,0.396,,,,,production,send_template_message,messaging-service,/v19.0/{phone_number_id}/messages,POST,200,wamid.HBgL259756150051681,0,3.2.0,whatsapp-business-api
wa-exec-000073,WhatsApp Order Confirmation Sender,2026-09-19 15:17:15,success,1.543,,,,,production,send_template_message,messaging-service,/v19.0/{phone_number_id}/messages,POST,200,wamid.HBgL608173038448852,0,3.2.0,whatsapp-business-api
wa-exec-000074,WhatsApp Order Confirmation Sender,2026-09-19 16:03:58,success,0.449,,,,,production,send_template_message,messaging-service,/v19.0/{phone_number_id}/messages,POST,200,wamid.HBgL493981937979384,0,3.2.0,whatsapp-business-api
wa-exec-000075,WhatsApp Order Confirmation Sender,2026-09-19 16:54:36,success,1.586,,,,,production,send_template_message,messaging-service,/v19.0/{phone_number_id}/messages,POST,200,wamid.HBgL918021217337201,0,3.2.0,whatsapp-business-api
wa-exec-000076,WhatsApp Order Confirmation Sender,2026-09-19 17:31:53,failure,1.161,MEDIA_DOWNLOAD_ERROR,(#131053) Media download error - the referenced media file could not be retrieved from the provided URL.,131053,,production,send_template_message,messaging-service,/v19.0/{phone_number_id}/messages,POST,400,wamid.HBgL130943658086684,0,3.2.0,whatsapp-business-api
wa-exec-000077,WhatsApp Order Confirmation Sender,2026-09-19 19:04:09,success,1.691,,,,,production,send_template_message,messaging-service,/v19.0/{phone_number_id}/messages,POST,200,wamid.HBgL208959665896669,0,3.2.0,whatsapp-business-api
wa-exec-000078,WhatsApp Order Confirmation Sender,2026-09-19 19:40:09,success,0.382,,,,,production,send_template_message,messaging-service,/v19.0/{phone_number_id}/messages,POST,200,wamid.HBgL876779801029023,0,3.2.0,whatsapp-business-api
wa-exec-000079,WhatsApp Order Confirmation Sender,2026-09-19 20:27:09,failure,2.274,RATE_LIMIT_HIT,(#80007) Too many messages sent from this phone number in a short period of time. Retry after a short delay.,80007,,production,send_template_message,messaging-service,/v19.0/{phone_number_id}/messages,POST,429,wamid.HBgL438190504638832,1,3.2.0,whatsapp-business-api
wa-exec-000080,WhatsApp Order Confirmation Sender,2026-09-19 21:12:37,success,0.678,,,,,production,send_template_message,messaging-service,/v19.0/{phone_number_id}/messages,POST,200,wamid.HBgL982444237763088,0,3.2.0,whatsapp-business-api
wa-exec-000081,WhatsApp Order Confirmation Sender,2026-09-19 22:40:05,success,1.64,,,,,production,send_template_message,messaging-service,/v19.0/{phone_number_id}/messages,POST,200,wamid.HBgL532690332396130,0,3.2.0,whatsapp-business-api
wa-exec-000082,WhatsApp Order Confirmation Sender,2026-09-19 23:04:21,success,0.431,,,,,production,send_template_message,messaging-service,/v19.0/{phone_number_id}/messages,POST,200,wamid.HBgL141920535397834,0,3.2.0,whatsapp-business-api
wa-exec-000083,WhatsApp Order Confirmation Sender,2026-09-19 23:59:39,success,0.449,,,,,production,send_template_message,messaging-service,/v19.0/{phone_number_id}/messages,POST,200,wamid.HBgL821274639402253,0,3.2.0,whatsapp-business-api
wa-exec-000084,WhatsApp Order Confirmation Sender,2026-09-20 00:55:56,success,1.493,,,,,production,send_template_message,messaging-service,/v19.0/{phone_number_id}/messages,POST,200,wamid.HBgL834943709225725,0,3.2.0,whatsapp-business-api
wa-exec-000085,WhatsApp Order Confirmation Sender,2026-09-20 02:23:18,success,1.695,,,,,production,send_template_message,messaging-service,/v19.0/{phone_number_id}/messages,POST,200,wamid.HBgL479519017723967,0,3.2.0,whatsapp-business-api
wa-exec-000086,WhatsApp Order Confirmation Sender,2026-09-20 02:46:34,success,0.562,,,,,production,send_template_message,messaging-service,/v19.0/{phone_number_id}/messages,POST,200,wamid.HBgL294397370833273,0,3.2.0,whatsapp-business-api
wa-exec-000087,WhatsApp Order Confirmation Sender,2026-09-20 03:59:19,success,0.3,,,,,production,send_template_message,messaging-service,/v19.0/{phone_number_id}/messages,POST,200,wamid.HBgL828043703917705,0,3.2.0,whatsapp-business-api
wa-exec-000088,WhatsApp Order Confirmation Sender,2026-09-20 04:29:23,success,0.608,,,,,production,send_template_message,messaging-service,/v19.0/{phone_number_id}/messages,POST,200,wamid.HBgL919388066610359,0,3.2.0,whatsapp-business-api
wa-exec-000089,WhatsApp Order Confirmation Sender,2026-09-20 05:49:41,success,1.429,,,,,production,send_template_message,messaging-service,/v19.0/{phone_number_id}/messages,POST,200,wamid.HBgL607928194720573,0,3.2.0,whatsapp-business-api
wa-exec-000090,WhatsApp Order Confirmation Sender,2026-09-20 06:51:06,success,1.255,,,,,production,send_template_message,messaging-service,/v19.0/{phone_number_id}/messages,POST,200,wamid.HBgL979281998308308,0,3.2.0,whatsapp-business-api
wa-exec-000091,WhatsApp Order Confirmation Sender,2026-09-20 07:45:53,failure,2.391,MESSAGE_UNDELIVERABLE,(#131026) Message Undeliverable - the recipient phone number is not a WhatsApp user or is unreachable.,131026,,production,send_template_message,messaging-service,/v19.0/{phone_number_id}/messages,POST,400,wamid.HBgL196887179184962,0,3.2.0,whatsapp-business-api
wa-exec-000092,WhatsApp Order Confirmation Sender,2026-09-20 08:44:49,failure,1.079,MESSAGE_UNDELIVERABLE,(#131026) Message Undeliverable - the recipient phone number is not a WhatsApp user or is unreachable.,131026,,production,send_template_message,messaging-service,/v19.0/{phone_number_id}/messages,POST,400,wamid.HBgL582031378374697,0,3.2.0,whatsapp-business-api
wa-exec-000093,WhatsApp Order Confirmation Sender,2026-09-20 09:25:47,success,1.672,,,,,production,send_template_message,messaging-service,/v19.0/{phone_number_id}/messages,POST,200,wamid.HBgL230761855555468,0,3.2.0,whatsapp-business-api
wa-exec-000094,WhatsApp Order Confirmation Sender,2026-09-20 10:01:10,success,1.623,,,,,production,send_template_message,messaging-service,/v19.0/{phone_number_id}/messages,POST,200,wamid.HBgL520943674419932,0,3.2.0,whatsapp-business-api
wa-exec-000095,WhatsApp Order Confirmation Sender,2026-09-20 11:26:34,success,0.441,,,,,production,send_template_message,messaging-service,/v19.0/{phone_number_id}/messages,POST,200,wamid.HBgL696237820512853,0,3.2.0,whatsapp-business-api
wa-exec-000096,WhatsApp Order Confirmation Sender,2026-09-20 12:33:58,success,0.304,,,,,production,send_template_message,messaging-service,/v19.0/{phone_number_id}/messages,POST,200,wamid.HBgL359129727330392,0,3.2.0,whatsapp-business-api
wa-exec-000097,WhatsApp Order Confirmation Sender,2026-09-20 13:13:41,failure,1.983,RE_ENGAGEMENT_WINDOW_EXPIRED,(#131047) Message failed to send because more than 24 hours have passed since the customer last replied to this number.,131047,,production,send_template_message,messaging-service,/v19.0/{phone_number_id}/messages,POST,400,wamid.HBgL917510897102851,0,3.2.0,whatsapp-business-api
wa-exec-000098,WhatsApp Order Confirmation Sender,2026-09-20 14:07:45,success,0.699,,,,,production,send_template_message,messaging-service,/v19.0/{phone_number_id}/messages,POST,200,wamid.HBgL174921884034243,0,3.2.0,whatsapp-business-api
wa-exec-000099,WhatsApp Order Confirmation Sender,2026-09-20 14:37:04,success,0.604,,,,,production,send_template_message,messaging-service,/v19.0/{phone_number_id}/messages,POST,200,wamid.HBgL293645851433536,0,3.2.0,whatsapp-business-api
wa-exec-000100,WhatsApp Order Confirmation Sender,2026-09-20 15:43:37,success,1.64,,,,,production,send_template_message,messaging-service,/v19.0/{phone_number_id}/messages,POST,200,wamid.HBgL762476327587700,0,3.2.0,whatsapp-business-api
wa-exec-000101,WhatsApp Order Confirmation Sender,2026-09-20 16:57:43,success,0.812,,,,,production,send_template_message,messaging-service,/v19.0/{phone_number_id}/messages,POST,200,wamid.HBgL371166599170146,0,3.2.0,whatsapp-business-api
wa-exec-000102,WhatsApp Order Confirmation Sender,2026-09-20 17:49:56,success,0.715,,,,,production,send_template_message,messaging-service,/v19.0/{phone_number_id}/messages,POST,200,wamid.HBgL951783045470987,0,3.2.0,whatsapp-business-api
wa-exec-000103,WhatsApp Order Confirmation Sender,2026-09-20 18:56:55,success,1.195,,,,,production,send_template_message,messaging-service,/v19.0/{phone_number_id}/messages,POST,200,wamid.HBgL111551074877248,0,3.2.0,whatsapp-business-api
wa-exec-000104,WhatsApp Order Confirmation Sender,2026-09-20 19:29:15,success,1.754,,,,,production,send_template_message,messaging-service,/v19.0/{phone_number_id}/messages,POST,200,wamid.HBgL704752574256662,0,3.2.0,whatsapp-business-api
wa-exec-000105,WhatsApp Order Confirmation Sender,2026-09-20 20:17:51,success,1.241,,,,,production,send_template_message,messaging-service,/v19.0/{phone_number_id}/messages,POST,200,wamid.HBgL490518901561251,0,3.2.0,whatsapp-business-api
wa-exec-000106,WhatsApp Order Confirmation Sender,2026-09-20 21:12:09,success,0.759,,,,,production,send_template_message,messaging-service,/v19.0/{phone_number_id}/messages,POST,200,wamid.HBgL451172979277544,0,3.2.0,whatsapp-business-api
wa-exec-000107,WhatsApp Order Confirmation Sender,2026-09-20 22:46:31,success,1.284,,,,,production,send_template_message,messaging-service,/v19.0/{phone_number_id}/messages,POST,200,wamid.HBgL290389091949822,0,3.2.0,whatsapp-business-api
wa-exec-000108,WhatsApp Order Confirmation Sender,2026-09-20 23:00:19,success,0.909,,,,,production,send_template_message,messaging-service,/v19.0/{phone_number_id}/messages,POST,200,wamid.HBgL688724908682966,0,3.2.0,whatsapp-business-api
wa-exec-000109,WhatsApp Order Confirmation Sender,2026-09-21 00:31:00,success,1.015,,,,,production,send_template_message,messaging-service,/v19.0/{phone_number_id}/messages,POST,200,wamid.HBgL458221232216054,0,3.2.0,whatsapp-business-api
wa-exec-000110,WhatsApp Order Confirmation Sender,2026-09-21 00:54:36,success,0.659,,,,,production,send_template_message,messaging-service,/v19.0/{phone_number_id}/messages,POST,200,wamid.HBgL238263833310606,0,3.2.0,whatsapp-business-api
wa-exec-000111,WhatsApp Order Confirmation Sender,2026-09-21 01:48:18,success,1.142,,,,,production,send_template_message,messaging-service,/v19.0/{phone_number_id}/messages,POST,200,wamid.HBgL496909053054886,0,3.2.0,whatsapp-business-api
wa-exec-000112,WhatsApp Order Confirmation Sender,2026-09-21 03:22:22,success,1.4,,,,,production,send_template_message,messaging-service,/v19.0/{phone_number_id}/messages,POST,200,wamid.HBgL623243962339023,0,3.2.0,whatsapp-business-api
wa-exec-000113,WhatsApp Order Confirmation Sender,2026-09-21 03:57:30,success,1.188,,,,,production,send_template_message,messaging-service,/v19.0/{phone_number_id}/messages,POST,200,wamid.HBgL261485310941730,0,3.2.0,whatsapp-business-api
wa-exec-000114,WhatsApp Order Confirmation Sender,2026-09-21 05:02:03,success,1.605,,,,,production,send_template_message,messaging-service,/v19.0/{phone_number_id}/messages,POST,200,wamid.HBgL639758616869122,0,3.2.0,whatsapp-business-api
wa-exec-000115,WhatsApp Order Confirmation Sender,2026-09-21 05:59:56,success,0.942,,,,,production,send_template_message,messaging-service,/v19.0/{phone_number_id}/messages,POST,200,wamid.HBgL349443550468335,0,3.2.0,whatsapp-business-api
wa-exec-000116,WhatsApp Order Confirmation Sender,2026-09-21 06:19:40,failure,1.228,RE_ENGAGEMENT_WINDOW_EXPIRED,(#131047) Message failed to send because more than 24 hours have passed since the customer last replied to this number.,131047,,production,send_template_message,messaging-service,/v19.0/{phone_number_id}/messages,POST,400,wamid.HBgL114700906767287,0,3.2.0,whatsapp-business-api
wa-exec-000117,WhatsApp Order Confirmation Sender,2026-09-21 07:29:04,success,1.526,,,,,production,send_template_message,messaging-service,/v19.0/{phone_number_id}/messages,POST,200,wamid.HBgL832967644475653,0,3.2.0,whatsapp-business-api
wa-exec-000118,WhatsApp Order Confirmation Sender,2026-09-21 08:30:06,success,1.181,,,,,production,send_template_message,messaging-service,/v19.0/{phone_number_id}/messages,POST,200,wamid.HBgL603222062590188,0,3.2.0,whatsapp-business-api
wa-exec-000119,WhatsApp Order Confirmation Sender,2026-09-21 09:04:36,success,0.933,,,,,production,send_template_message,messaging-service,/v19.0/{phone_number_id}/messages,POST,200,wamid.HBgL161949396128530,0,3.2.0,whatsapp-business-api
wa-exec-000120,WhatsApp Order Confirmation Sender,2026-09-21 10:35:57,success,0.417,,,,,production,send_template_message,messaging-service,/v19.0/{phone_number_id}/messages,POST,200,wamid.HBgL563739199271065,0,3.2.0,whatsapp-business-api
wa-exec-000121,WhatsApp Order Confirmation Sender,2026-09-21 10:59:20,failure,0.951,RE_ENGAGEMENT_WINDOW_EXPIRED,(#131047) Message failed to send because more than 24 hours have passed since the customer last replied to this number.,131047,,production,send_template_message,messaging-service,/v19.0/{phone_number_id}/messages,POST,400,wamid.HBgL833957697638981,0,3.2.0,whatsapp-business-api
wa-exec-000122,WhatsApp Order Confirmation Sender,2026-09-21 12:21:35,success,0.807,,,,,production,send_template_message,messaging-service,/v19.0/{phone_number_id}/messages,POST,200,wamid.HBgL141141398347514,0,3.2.0,whatsapp-business-api
wa-exec-000123,WhatsApp Order Confirmation Sender,2026-09-21 12:57:58,failure,0.892,RE_ENGAGEMENT_WINDOW_EXPIRED,(#131047) Message failed to send because more than 24 hours have passed since the customer last replied to this number.,131047,,production,send_template_message,messaging-service,/v19.0/{phone_number_id}/messages,POST,400,wamid.HBgL125949016722068,0,3.2.0,whatsapp-business-api
wa-exec-000124,WhatsApp Order Confirmation Sender,2026-09-21 13:43:04,success,1.728,,,,,production,send_template_message,messaging-service,/v19.0/{phone_number_id}/messages,POST,200,wamid.HBgL124168284707137,0,3.2.0,whatsapp-business-api
wa-exec-000125,WhatsApp Order Confirmation Sender,2026-09-21 14:45:58,success,0.336,,,,,production,send_template_message,messaging-service,/v19.0/{phone_number_id}/messages,POST,200,wamid.HBgL620355036643533,0,3.2.0,whatsapp-business-api
wa-exec-000126,WhatsApp Order Confirmation Sender,2026-09-21 16:03:39,success,0.857,,,,,production,send_template_message,messaging-service,/v19.0/{phone_number_id}/messages,POST,200,wamid.HBgL757200976579647,0,3.2.0,whatsapp-business-api
wa-exec-000127,WhatsApp Order Confirmation Sender,2026-09-21 16:48:59,failure,0.815,MEDIA_DOWNLOAD_ERROR,(#131053) Media download error - the referenced media file could not be retrieved from the provided URL.,131053,,production,send_template_message,messaging-service,/v19.0/{phone_number_id}/messages,POST,400,wamid.HBgL403604561895442,0,3.2.0,whatsapp-business-api
wa-exec-000128,WhatsApp Order Confirmation Sender,2026-09-21 17:55:01,success,0.748,,,,,production,send_template_message,messaging-service,/v19.0/{phone_number_id}/messages,POST,200,wamid.HBgL378336727534102,0,3.2.0,whatsapp-business-api
wa-exec-000129,WhatsApp Order Confirmation Sender,2026-09-21 18:56:32,success,0.812,,,,,production,send_template_message,messaging-service,/v19.0/{phone_number_id}/messages,POST,200,wamid.HBgL198879227372463,0,3.2.0,whatsapp-business-api
wa-exec-000130,WhatsApp Order Confirmation Sender,2026-09-21 19:26:05,success,0.969,,,,,production,send_template_message,messaging-service,/v19.0/{phone_number_id}/messages,POST,200,wamid.HBgL977089007752568,0,3.2.0,whatsapp-business-api
wa-exec-000131,WhatsApp Order Confirmation Sender,2026-09-21 20:27:24,success,0.588,,,,,production,send_template_message,messaging-service,/v19.0/{phone_number_id}/messages,POST,200,wamid.HBgL816713784670901,0,3.2.0,whatsapp-business-api
wa-exec-000132,WhatsApp Order Confirmation Sender,2026-09-21 21:28:15,success,0.768,,,,,production,send_template_message,messaging-service,/v19.0/{phone_number_id}/messages,POST,200,wamid.HBgL576008867661156,0,3.2.0,whatsapp-business-api
wa-exec-000133,WhatsApp Order Confirmation Sender,2026-09-21 22:19:09,success,0.47,,,,,production,send_template_message,messaging-service,/v19.0/{phone_number_id}/messages,POST,200,wamid.HBgL965960361564080,0,3.2.0,whatsapp-business-api
wa-exec-000134,WhatsApp Order Confirmation Sender,2026-09-21 23:14:04,success,1.246,,,,,production,send_template_message,messaging-service,/v19.0/{phone_number_id}/messages,POST,200,wamid.HBgL192244290220701,0,3.2.0,whatsapp-business-api
wa-exec-000135,WhatsApp Order Confirmation Sender,2026-09-22 00:24:45,success,0.513,,,,,production,send_template_message,messaging-service,/v19.0/{phone_number_id}/messages,POST,200,wamid.HBgL398397583840362,0,3.2.0,whatsapp-business-api
wa-exec-000136,WhatsApp Order Confirmation Sender,2026-09-22 00:55:26,success,0.363,,,,,production,send_template_message,messaging-service,/v19.0/{phone_number_id}/messages,POST,200,wamid.HBgL372021047182809,0,3.2.0,whatsapp-business-api
wa-exec-000137,WhatsApp Order Confirmation Sender,2026-09-22 02:09:04,success,1.492,,,,,production,send_template_message,messaging-service,/v19.0/{phone_number_id}/messages,POST,200,wamid.HBgL345969939285401,0,3.2.0,whatsapp-business-api
wa-exec-000138,WhatsApp Order Confirmation Sender,2026-09-22 02:41:33,success,0.868,,,,,production,send_template_message,messaging-service,/v19.0/{phone_number_id}/messages,POST,200,wamid.HBgL863037105572296,0,3.2.0,whatsapp-business-api
wa-exec-000139,WhatsApp Order Confirmation Sender,2026-09-22 03:39:27,failure,1.444,OAUTH_TOKEN_EXPIRED,"(#190) Error validating access token: Session has expired on Tuesday, 23-Sep-26 04:00:00 PDT.",190,,production,send_template_message,messaging-service,/v19.0/{phone_number_id}/messages,POST,401,wamid.HBgL540711917435449,0,3.2.0,whatsapp-business-api
wa-exec-000140,WhatsApp Order Confirmation Sender,2026-09-22 04:41:23,success,0.568,,,,,production,send_template_message,messaging-service,/v19.0/{phone_number_id}/messages,POST,200,wamid.HBgL883600269698810,0,3.2.0,whatsapp-business-api
wa-exec-000141,WhatsApp Order Confirmation Sender,2026-09-22 05:55:36,success,1.032,,,,,production,send_template_message,messaging-service,/v19.0/{phone_number_id}/messages,POST,200,wamid.HBgL146128622214009,0,3.2.0,whatsapp-business-api
wa-exec-000142,WhatsApp Order Confirmation Sender,2026-09-22 06:22:26,success,1.657,,,,,production,send_template_message,messaging-service,/v19.0/{phone_number_id}/messages,POST,200,wamid.HBgL853701247121013,0,3.2.0,whatsapp-business-api
wa-exec-000143,WhatsApp Order Confirmation Sender,2026-09-22 07:50:01,success,0.799,,,,,production,send_template_message,messaging-service,/v19.0/{phone_number_id}/messages,POST,200,wamid.HBgL448233489299477,0,3.2.0,whatsapp-business-api
wa-exec-000144,WhatsApp Order Confirmation Sender,2026-09-22 08:23:48,success,0.842,,,,,production,send_template_message,messaging-service,/v19.0/{phone_number_id}/messages,POST,200,wamid.HBgL419956322054848,0,3.2.0,whatsapp-business-api
wa-exec-000145,WhatsApp Order Confirmation Sender,2026-09-22 09:29:26,success,0.318,,,,,production,send_template_message,messaging-service,/v19.0/{phone_number_id}/messages,POST,200,wamid.HBgL300861080003167,0,3.2.0,whatsapp-business-api
wa-exec-000146,WhatsApp Order Confirmation Sender,2026-09-22 10:46:07,failure,1.808,MESSAGE_UNDELIVERABLE,(#131026) Message Undeliverable - the recipient phone number is not a WhatsApp user or is unreachable.,131026,,production,send_template_message,messaging-service,/v19.0/{phone_number_id}/messages,POST,400,wamid.HBgL677743882196192,0,3.2.0,whatsapp-business-api
wa-exec-000147,WhatsApp Order Confirmation Sender,2026-09-22 11:31:17,success,1.262,,,,,production,send_template_message,messaging-service,/v19.0/{phone_number_id}/messages,POST,200,wamid.HBgL702604407023772,0,3.2.0,whatsapp-business-api
wa-exec-000148,WhatsApp Order Confirmation Sender,2026-09-22 12:13:08,failure,2.336,RE_ENGAGEMENT_WINDOW_EXPIRED,(#131047) Message failed to send because more than 24 hours have passed since the customer last replied to this number.,131047,,production,send_template_message,messaging-service,/v19.0/{phone_number_id}/messages,POST,400,wamid.HBgL756565109683540,0,3.2.0,whatsapp-business-api
wa-exec-000149,WhatsApp Order Confirmation Sender,2026-09-22 13:16:50,failure,0.958,RE_ENGAGEMENT_WINDOW_EXPIRED,(#131047) Message failed to send because more than 24 hours have passed since the customer last replied to this number.,131047,,production,send_template_message,messaging-service,/v19.0/{phone_number_id}/messages,POST,400,wamid.HBgL709444825498098,0,3.2.0,whatsapp-business-api
wa-exec-000150,WhatsApp Order Confirmation Sender,2026-09-22 14:02:48,success,0.717,,,,,production,send_template_message,messaging-service,/v19.0/{phone_number_id}/messages,POST,200,wamid.HBgL593649320026708,0,3.2.0,whatsapp-business-api
wa-exec-000151,WhatsApp Order Confirmation Sender,2026-09-22 14:49:24,success,1.067,,,,,production,send_template_message,messaging-service,/v19.0/{phone_number_id}/messages,POST,200,wamid.HBgL139770134819897,0,3.2.0,whatsapp-business-api
wa-exec-000152,WhatsApp Order Confirmation Sender,2026-09-22 15:46:35,success,0.34,,,,,production,send_template_message,messaging-service,/v19.0/{phone_number_id}/messages,POST,200,wamid.HBgL664407100616657,0,3.2.0,whatsapp-business-api
wa-exec-000153,WhatsApp Order Confirmation Sender,2026-09-22 17:11:02,success,1.387,,,,,production,send_template_message,messaging-service,/v19.0/{phone_number_id}/messages,POST,200,wamid.HBgL614064361492137,0,3.2.0,whatsapp-business-api
wa-exec-000154,WhatsApp Order Confirmation Sender,2026-09-22 17:32:11,success,1.788,,,,,production,send_template_message,messaging-service,/v19.0/{phone_number_id}/messages,POST,200,wamid.HBgL185016892264151,0,3.2.0,whatsapp-business-api
wa-exec-000155,WhatsApp Order Confirmation Sender,2026-09-22 18:37:17,failure,0.389,RATE_LIMIT_HIT,(#80007) Too many messages sent from this phone number in a short period of time. Retry after a short delay.,80007,,production,send_template_message,messaging-service,/v19.0/{phone_number_id}/messages,POST,429,wamid.HBgL712651785859900,1,3.2.0,whatsapp-business-api
wa-exec-000156,WhatsApp Order Confirmation Sender,2026-09-22 19:45:13,success,1.6,,,,,production,send_template_message,messaging-service,/v19.0/{phone_number_id}/messages,POST,200,wamid.HBgL791113736974300,0,3.2.0,whatsapp-business-api
wa-exec-000157,WhatsApp Order Confirmation Sender,2026-09-22 20:53:04,failure,1.421,RATE_LIMIT_HIT,(#80007) Too many messages sent from this phone number in a short period of time. Retry after a short delay.,80007,,production,send_template_message,messaging-service,/v19.0/{phone_number_id}/messages,POST,429,wamid.HBgL913491551897385,1,3.2.0,whatsapp-business-api
wa-exec-000158,WhatsApp Order Confirmation Sender,2026-09-22 21:45:38,failure,0.6,MESSAGE_UNDELIVERABLE,(#131026) Message Undeliverable - the recipient phone number is not a WhatsApp user or is unreachable.,131026,,production,send_template_message,messaging-service,/v19.0/{phone_number_id}/messages,POST,400,wamid.HBgL630761206680988,0,3.2.0,whatsapp-business-api
wa-exec-000159,WhatsApp Order Confirmation Sender,2026-09-22 22:42:58,success,1.296,,,,,production,send_template_message,messaging-service,/v19.0/{phone_number_id}/messages,POST,200,wamid.HBgL148021873421108,0,3.2.0,whatsapp-business-api
wa-exec-000160,WhatsApp Order Confirmation Sender,2026-09-22 23:30:26,success,0.797,,,,,production,send_template_message,messaging-service,/v19.0/{phone_number_id}/messages,POST,200,wamid.HBgL813381682149090,0,3.2.0,whatsapp-business-api
wa-exec-000161,WhatsApp Order Confirmation Sender,2026-09-23 00:22:32,success,0.619,,,,,production,send_template_message,messaging-service,/v19.0/{phone_number_id}/messages,POST,200,wamid.HBgL455381892556420,0,3.2.0,whatsapp-business-api
wa-exec-000162,WhatsApp Order Confirmation Sender,2026-09-23 00:48:50,failure,2.062,OAUTH_TOKEN_EXPIRED,"(#190) Error validating access token: Session has expired on Tuesday, 23-Sep-26 04:00:00 PDT.",190,,production,send_template_message,messaging-service,/v19.0/{phone_number_id}/messages,POST,401,wamid.HBgL705577267208938,0,3.2.0,whatsapp-business-api
wa-exec-000163,WhatsApp Order Confirmation Sender,2026-09-23 02:06:07,success,0.886,,,,,production,send_template_message,messaging-service,/v19.0/{phone_number_id}/messages,POST,200,wamid.HBgL114088225228922,0,3.2.0,whatsapp-business-api
wa-exec-000164,WhatsApp Order Confirmation Sender,2026-09-23 02:54:43,success,1.32,,,,,production,send_template_message,messaging-service,/v19.0/{phone_number_id}/messages,POST,200,wamid.HBgL850806911895666,0,3.2.0,whatsapp-business-api
wa-exec-000165,WhatsApp Order Confirmation Sender,2026-09-23 03:50:07,failure,0.884,RE_ENGAGEMENT_WINDOW_EXPIRED,(#131047) Message failed to send because more than 24 hours have passed since the customer last replied to this number.,131047,,production,send_template_message,messaging-service,/v19.0/{phone_number_id}/messages,POST,400,wamid.HBgL259710062547814,0,3.2.0,whatsapp-business-api
wa-exec-000166,WhatsApp Order Confirmation Sender,2026-09-23 05:04:25,success,1.134,,,,,production,send_template_message,messaging-service,/v19.0/{phone_number_id}/messages,POST,200,wamid.HBgL615925524627712,0,3.2.0,whatsapp-business-api
wa-exec-000167,WhatsApp Order Confirmation Sender,2026-09-23 05:29:56,success,0.36,,,,,production,send_template_message,messaging-service,/v19.0/{phone_number_id}/messages,POST,200,wamid.HBgL835589918051186,0,3.2.0,whatsapp-business-api
wa-exec-000168,WhatsApp Order Confirmation Sender,2026-09-23 07:04:25,success,0.669,,,,,production,send_template_message,messaging-service,/v19.0/{phone_number_id}/messages,POST,200,wamid.HBgL210088009943184,0,3.2.0,whatsapp-business-api
wa-exec-000169,WhatsApp Order Confirmation Sender,2026-09-23 07:54:31,success,0.934,,,,,production,send_template_message,messaging-service,/v19.0/{phone_number_id}/messages,POST,200,wamid.HBgL999028471552177,0,3.2.0,whatsapp-business-api
wa-exec-000170,WhatsApp Order Confirmation Sender,2026-09-23 08:37:00,success,1.295,,,,,production,send_template_message,messaging-service,/v19.0/{phone_number_id}/messages,POST,200,wamid.HBgL760787433074677,0,3.2.0,whatsapp-business-api
wa-exec-000171,WhatsApp Order Confirmation Sender,2026-09-23 09:47:32,success,0.367,,,,,production,send_template_message,messaging-service,/v19.0/{phone_number_id}/messages,POST,200,wamid.HBgL322195928959787,0,3.2.0,whatsapp-business-api
wa-exec-000172,WhatsApp Order Confirmation Sender,2026-09-23 10:28:34,success,1.368,,,,,production,send_template_message,messaging-service,/v19.0/{phone_number_id}/messages,POST,200,wamid.HBgL533267814526885,0,3.2.0,whatsapp-business-api
wa-exec-000173,WhatsApp Order Confirmation Sender,2026-09-23 11:10:48,success,1.472,,,,,production,send_template_message,messaging-service,/v19.0/{phone_number_id}/messages,POST,200,wamid.HBgL499758559287532,0,3.2.0,whatsapp-business-api
wa-exec-000174,WhatsApp Order Confirmation Sender,2026-09-23 12:08:36,success,1.441,,,,,production,send_template_message,messaging-service,/v19.0/{phone_number_id}/messages,POST,200,wamid.HBgL480739165653431,0,3.2.0,whatsapp-business-api
wa-exec-000175,WhatsApp Order Confirmation Sender,2026-09-23 12:48:50,success,1.563,,,,,production,send_template_message,messaging-service,/v19.0/{phone_number_id}/messages,POST,200,wamid.HBgL769647145553350,0,3.2.0,whatsapp-business-api
wa-exec-000176,WhatsApp Order Confirmation Sender,2026-09-23 14:21:38,success,1.311,,,,,production,send_template_message,messaging-service,/v19.0/{phone_number_id}/messages,POST,200,wamid.HBgL809564290827641,0,3.2.0,whatsapp-business-api
wa-exec-000177,WhatsApp Order Confirmation Sender,2026-09-23 14:56:49,failure,2.183,RE_ENGAGEMENT_WINDOW_EXPIRED,(#131047) Message failed to send because more than 24 hours have passed since the customer last replied to this number.,131047,,production,send_template_message,messaging-service,/v19.0/{phone_number_id}/messages,POST,400,wamid.HBgL709793420208346,0,3.2.0,whatsapp-business-api
wa-exec-000178,WhatsApp Order Confirmation Sender,2026-09-23 15:59:23,success,0.363,,,,,production,send_template_message,messaging-service,/v19.0/{phone_number_id}/messages,POST,200,wamid.HBgL217907125105580,0,3.2.0,whatsapp-business-api
wa-exec-000179,WhatsApp Order Confirmation Sender,2026-09-23 16:41:46,success,1.507,,,,,production,send_template_message,messaging-service,/v19.0/{phone_number_id}/messages,POST,200,wamid.HBgL406792497200454,0,3.2.0,whatsapp-business-api
wa-exec-000180,WhatsApp Order Confirmation Sender,2026-09-23 17:48:22,success,1.334,,,,,production,send_template_message,messaging-service,/v19.0/{phone_number_id}/messages,POST,200,wamid.HBgL635484228756450,0,3.2.0,whatsapp-business-api
wa-exec-000181,WhatsApp Order Confirmation Sender,2026-09-23 18:38:28,success,0.38,,,,,production,send_template_message,messaging-service,/v19.0/{phone_number_id}/messages,POST,200,wamid.HBgL596007165137209,0,3.2.0,whatsapp-business-api
wa-exec-000182,WhatsApp Order Confirmation Sender,2026-09-23 19:36:34,success,0.849,,,,,production,send_template_message,messaging-service,/v19.0/{phone_number_id}/messages,POST,200,wamid.HBgL267688980100421,0,3.2.0,whatsapp-business-api
wa-exec-000183,WhatsApp Order Confirmation Sender,2026-09-23 20:28:01,success,0.905,,,,,production,send_template_message,messaging-service,/v19.0/{phone_number_id}/messages,POST,200,wamid.HBgL916805106111259,0,3.2.0,whatsapp-business-api
wa-exec-000184,WhatsApp Order Confirmation Sender,2026-09-23 21:22:00,success,0.396,,,,,production,send_template_message,messaging-service,/v19.0/{phone_number_id}/messages,POST,200,wamid.HBgL766007658210914,0,3.2.0,whatsapp-business-api
wa-exec-000185,WhatsApp Order Confirmation Sender,2026-09-23 22:43:03,success,1.709,,,,,production,send_template_message,messaging-service,/v19.0/{phone_number_id}/messages,POST,200,wamid.HBgL969283477196088,0,3.2.0,whatsapp-business-api
wa-exec-000186,WhatsApp Order Confirmation Sender,2026-09-23 23:29:40,success,0.98,,,,,production,send_template_message,messaging-service,/v19.0/{phone_number_id}/messages,POST,200,wamid.HBgL769160498672603,0,3.2.0,whatsapp-business-api
wa-exec-000187,WhatsApp Order Confirmation Sender,2026-09-24 00:29:14,success,1.312,,,,,production,send_template_message,messaging-service,/v19.0/{phone_number_id}/messages,POST,200,wamid.HBgL299035391645339,0,3.2.0,whatsapp-business-api
wa-exec-000188,WhatsApp Order Confirmation Sender,2026-09-24 01:05:34,success,0.385,,,,,production,send_template_message,messaging-service,/v19.0/{phone_number_id}/messages,POST,200,wamid.HBgL794401748714653,0,3.2.0,whatsapp-business-api
wa-exec-000189,WhatsApp Order Confirmation Sender,2026-09-24 02:00:01,success,0.735,,,,,production,send_template_message,messaging-service,/v19.0/{phone_number_id}/messages,POST,200,wamid.HBgL612349934122115,0,3.2.0,whatsapp-business-api
wa-exec-000190,WhatsApp Order Confirmation Sender,2026-09-24 03:19:27,failure,2.034,MESSAGE_UNDELIVERABLE,(#131026) Message Undeliverable - the recipient phone number is not a WhatsApp user or is unreachable.,131026,,production,send_template_message,messaging-service,/v19.0/{phone_number_id}/messages,POST,400,wamid.HBgL979411306819685,0,3.2.0,whatsapp-business-api
wa-exec-000191,WhatsApp Order Confirmation Sender,2026-09-24 03:42:47,success,0.47,,,,,production,send_template_message,messaging-service,/v19.0/{phone_number_id}/messages,POST,200,wamid.HBgL231541054134525,0,3.2.0,whatsapp-business-api
wa-exec-000192,WhatsApp Order Confirmation Sender,2026-09-24 04:54:37,success,1.428,,,,,production,send_template_message,messaging-service,/v19.0/{phone_number_id}/messages,POST,200,wamid.HBgL274176756829775,0,3.2.0,whatsapp-business-api
wa-exec-000193,WhatsApp Order Confirmation Sender,2026-09-24 05:38:17,success,1.734,,,,,production,send_template_message,messaging-service,/v19.0/{phone_number_id}/messages,POST,200,wamid.HBgL247327190850045,0,3.2.0,whatsapp-business-api
wa-exec-000194,WhatsApp Order Confirmation Sender,2026-09-24 06:46:58,success,1.352,,,,,production,send_template_message,messaging-service,/v19.0/{phone_number_id}/messages,POST,200,wamid.HBgL925809260124062,0,3.2.0,whatsapp-business-api
wa-exec-000195,WhatsApp Order Confirmation Sender,2026-09-24 07:19:56,success,0.412,,,,,production,send_template_message,messaging-service,/v19.0/{phone_number_id}/messages,POST,200,wamid.HBgL142682176072165,0,3.2.0,whatsapp-business-api
wa-exec-000196,WhatsApp Order Confirmation Sender,2026-09-24 08:12:00,success,0.507,,,,,production,send_template_message,messaging-service,/v19.0/{phone_number_id}/messages,POST,200,wamid.HBgL949936029847537,0,3.2.0,whatsapp-business-api
wa-exec-000197,WhatsApp Order Confirmation Sender,2026-09-24 09:10:43,success,0.623,,,,,production,send_template_message,messaging-service,/v19.0/{phone_number_id}/messages,POST,200,wamid.HBgL913608264924985,0,3.2.0,whatsapp-business-api
wa-exec-000198,WhatsApp Order Confirmation Sender,2026-09-24 10:04:08,success,0.826,,,,,production,send_template_message,messaging-service,/v19.0/{phone_number_id}/messages,POST,200,wamid.HBgL768919591909322,0,3.2.0,whatsapp-business-api
wa-exec-000199,WhatsApp Order Confirmation Sender,2026-09-24 11:11:02,success,1.399,,,,,production,send_template_message,messaging-service,/v19.0/{phone_number_id}/messages,POST,200,wamid.HBgL808858463037960,0,3.2.0,whatsapp-business-api
wa-exec-000200,WhatsApp Order Confirmation Sender,2026-09-24 12:37:40,success,0.34,,,,,production,send_template_message,messaging-service,/v19.0/{phone_number_id}/messages,POST,200,wamid.HBgL140639194152650,0,3.2.0,whatsapp-business-api
wa-exec-000201,WhatsApp Order Confirmation Sender,2026-09-24 13:03:00,success,0.637,,,,,production,send_template_message,messaging-service,/v19.0/{phone_number_id}/messages,POST,200,wamid.HBgL439681234521206,0,3.2.0,whatsapp-business-api
wa-exec-000202,WhatsApp Order Confirmation Sender,2026-09-24 14:05:40,success,1.775,,,,,production,send_template_message,messaging-service,/v19.0/{phone_number_id}/messages,POST,200,wamid.HBgL114394251471385,0,3.2.0,whatsapp-business-api
wa-exec-000203,WhatsApp Order Confirmation Sender,2026-09-24 14:57:16,success,1.309,,,,,production,send_template_message,messaging-service,/v19.0/{phone_number_id}/messages,POST,200,wamid.HBgL116146008395181,0,3.2.0,whatsapp-business-api
wa-exec-000204,WhatsApp Order Confirmation Sender,2026-09-24 15:59:42,success,1.185,,,,,production,send_template_message,messaging-service,/v19.0/{phone_number_id}/messages,POST,200,wamid.HBgL530334759309058,0,3.2.0,whatsapp-business-api
wa-exec-000205,WhatsApp Order Confirmation Sender,2026-09-24 17:05:21,success,1.759,,,,,production,send_template_message,messaging-service,/v19.0/{phone_number_id}/messages,POST,200,wamid.HBgL853851352016848,0,3.2.0,whatsapp-business-api
wa-exec-000206,WhatsApp Order Confirmation Sender,2026-09-24 18:07:47,success,0.361,,,,,production,send_template_message,messaging-service,/v19.0/{phone_number_id}/messages,POST,200,wamid.HBgL991154626212735,0,3.2.0,whatsapp-business-api
wa-exec-000207,WhatsApp Order Confirmation Sender,2026-09-24 18:23:09,failure,0.8,MESSAGE_UNDELIVERABLE,(#131026) Message Undeliverable - the recipient phone number is not a WhatsApp user or is unreachable.,131026,,production,send_template_message,messaging-service,/v19.0/{phone_number_id}/messages,POST,400,wamid.HBgL314149509801371,0,3.2.0,whatsapp-business-api
wa-exec-000208,WhatsApp Order Confirmation Sender,2026-09-24 19:26:41,failure,1.929,MESSAGE_UNDELIVERABLE,(#131026) Message Undeliverable - the recipient phone number is not a WhatsApp user or is unreachable.,131026,,production,send_template_message,messaging-service,/v19.0/{phone_number_id}/messages,POST,400,wamid.HBgL659759409605627,0,3.2.0,whatsapp-business-api
wa-exec-000209,WhatsApp Order Confirmation Sender,2026-09-24 20:50:59,failure,0.332,MESSAGE_UNDELIVERABLE,(#131026) Message Undeliverable - the recipient phone number is not a WhatsApp user or is unreachable.,131026,,production,send_template_message,messaging-service,/v19.0/{phone_number_id}/messages,POST,400,wamid.HBgL705418590642446,0,3.2.0,whatsapp-business-api
wa-exec-000210,WhatsApp Order Confirmation Sender,2026-09-24 21:46:50,success,0.851,,,,,production,send_template_message,messaging-service,/v19.0/{phone_number_id}/messages,POST,200,wamid.HBgL942442524407215,0,3.2.0,whatsapp-business-api
wa-exec-000211,WhatsApp Order Confirmation Sender,2026-09-24 22:23:20,failure,1.468,MESSAGE_UNDELIVERABLE,(#131026) Message Undeliverable - the recipient phone number is not a WhatsApp user or is unreachable.,131026,,production,send_template_message,messaging-service,/v19.0/{phone_number_id}/messages,POST,400,wamid.HBgL972061319586601,0,3.2.0,whatsapp-business-api
wa-exec-000212,WhatsApp Order Confirmation Sender,2026-09-24 23:23:40,success,0.407,,,,,production,send_template_message,messaging-service,/v19.0/{phone_number_id}/messages,POST,200,wamid.HBgL536661942712891,0,3.2.0,whatsapp-business-api
wa-exec-000213,WhatsApp Order Confirmation Sender,2026-09-25 00:37:05,success,0.597,,,,,production,send_template_message,messaging-service,/v19.0/{phone_number_id}/messages,POST,200,wamid.HBgL756184850477693,0,3.2.0,whatsapp-business-api
wa-exec-000214,WhatsApp Order Confirmation Sender,2026-09-25 00:48:24,success,1.797,,,,,production,send_template_message,messaging-service,/v19.0/{phone_number_id}/messages,POST,200,wamid.HBgL514143134047232,0,3.2.0,whatsapp-business-api
wa-exec-000215,WhatsApp Order Confirmation Sender,2026-09-25 01:57:39,success,0.581,,,,,production,send_template_message,messaging-service,/v19.0/{phone_number_id}/messages,POST,200,wamid.HBgL957875659358743,0,3.2.0,whatsapp-business-api
wa-exec-000216,WhatsApp Order Confirmation Sender,2026-09-25 03:00:10,success,0.531,,,,,production,send_template_message,messaging-service,/v19.0/{phone_number_id}/messages,POST,200,wamid.HBgL190918713678576,0,3.2.0,whatsapp-business-api
wa-exec-000217,WhatsApp Order Confirmation Sender,2026-09-25 03:49:59,success,0.659,,,,,production,send_template_message,messaging-service,/v19.0/{phone_number_id}/messages,POST,200,wamid.HBgL391500799514777,0,3.2.0,whatsapp-business-api
wa-exec-000218,WhatsApp Order Confirmation Sender,2026-09-25 05:02:30,success,1.491,,,,,production,send_template_message,messaging-service,/v19.0/{phone_number_id}/messages,POST,200,wamid.HBgL881230181551500,0,3.2.0,whatsapp-business-api
wa-exec-000219,WhatsApp Order Confirmation Sender,2026-09-25 06:00:00,success,1.135,,,,,production,send_template_message,messaging-service,/v19.0/{phone_number_id}/messages,POST,200,wamid.HBgL596553495632310,0,3.2.0,whatsapp-business-api
wa-exec-000220,WhatsApp Order Confirmation Sender,2026-09-25 06:44:13,success,1.39,,,,,production,send_template_message,messaging-service,/v19.0/{phone_number_id}/messages,POST,200,wamid.HBgL286022683196810,0,3.2.0,whatsapp-business-api
wa-exec-000221,WhatsApp Order Confirmation Sender,2026-09-25 07:20:43,success,0.339,,,,,production,send_template_message,messaging-service,/v19.0/{phone_number_id}/messages,POST,200,wamid.HBgL599762107998314,0,3.2.0,whatsapp-business-api
wa-exec-000222,WhatsApp Order Confirmation Sender,2026-09-25 08:26:15,success,0.808,,,,,production,send_template_message,messaging-service,/v19.0/{phone_number_id}/messages,POST,200,wamid.HBgL913150383816194,0,3.2.0,whatsapp-business-api
wa-exec-000223,WhatsApp Order Confirmation Sender,2026-09-25 09:16:47,success,1.083,,,,,production,send_template_message,messaging-service,/v19.0/{phone_number_id}/messages,POST,200,wamid.HBgL895976651342470,0,3.2.0,whatsapp-business-api
wa-exec-000224,WhatsApp Order Confirmation Sender,2026-09-25 10:01:33,success,0.3,,,,,production,send_template_message,messaging-service,/v19.0/{phone_number_id}/messages,POST,200,wamid.HBgL777914240760819,0,3.2.0,whatsapp-business-api
wa-exec-000225,WhatsApp Order Confirmation Sender,2026-09-25 11:08:09,success,1.604,,,,,production,send_template_message,messaging-service,/v19.0/{phone_number_id}/messages,POST,200,wamid.HBgL600177267842507,0,3.2.0,whatsapp-business-api
wa-exec-000226,WhatsApp Order Confirmation Sender,2026-09-25 12:15:29,success,1.397,,,,,production,send_template_message,messaging-service,/v19.0/{phone_number_id}/messages,POST,200,wamid.HBgL376687984283015,0,3.2.0,whatsapp-business-api
wa-exec-000227,WhatsApp Order Confirmation Sender,2026-09-25 13:18:28,success,1.625,,,,,production,send_template_message,messaging-service,/v19.0/{phone_number_id}/messages,POST,200,wamid.HBgL417389273351897,0,3.2.0,whatsapp-business-api
wa-exec-000228,WhatsApp Order Confirmation Sender,2026-09-25 14:11:14,success,1.672,,,,,production,send_template_message,messaging-service,/v19.0/{phone_number_id}/messages,POST,200,wamid.HBgL941035380714658,0,3.2.0,whatsapp-business-api
wa-exec-000229,WhatsApp Order Confirmation Sender,2026-09-25 15:13:06,success,0.337,,,,,production,send_template_message,messaging-service,/v19.0/{phone_number_id}/messages,POST,200,wamid.HBgL100745676398278,0,3.2.0,whatsapp-business-api
wa-exec-000230,WhatsApp Order Confirmation Sender,2026-09-25 16:05:58,failure,2.363,TEMPLATE_PARAM_MISMATCH,(#132000) Number of parameters provided in the template request (2) does not match the number of variables in the approved template (3).,132000,,production,send_template_message,messaging-service,/v19.0/{phone_number_id}/messages,POST,400,wamid.HBgL545973294039592,0,3.2.0,whatsapp-business-api
wa-exec-000231,WhatsApp Order Confirmation Sender,2026-09-25 17:00:24,failure,1.425,MESSAGE_UNDELIVERABLE,(#131026) Message Undeliverable - the recipient phone number is not a WhatsApp user or is unreachable.,131026,,production,send_template_message,messaging-service,/v19.0/{phone_number_id}/messages,POST,400,wamid.HBgL119472095566787,0,3.2.0,whatsapp-business-api
wa-exec-000232,WhatsApp Order Confirmation Sender,2026-09-25 17:41:22,success,1.115,,,,,production,send_template_message,messaging-service,/v19.0/{phone_number_id}/messages,POST,200,wamid.HBgL732896236966703,0,3.2.0,whatsapp-business-api
wa-exec-000233,WhatsApp Order Confirmation Sender,2026-09-25 18:52:19,failure,1.452,TEMPLATE_PARAM_MISMATCH,(#132000) Number of parameters provided in the template request (2) does not match the number of variables in the approved template (3).,132000,,production,send_template_message,messaging-service,/v19.0/{phone_number_id}/messages,POST,400,wamid.HBgL921280123304235,0,3.2.0,whatsapp-business-api
wa-exec-000234,WhatsApp Order Confirmation Sender,2026-09-25 19:51:33,success,0.923,,,,,production,send_template_message,messaging-service,/v19.0/{phone_number_id}/messages,POST,200,wamid.HBgL265085368756129,0,3.2.0,whatsapp-business-api
wa-exec-000235,WhatsApp Order Confirmation Sender,2026-09-25 20:49:46,success,0.902,,,,,production,send_template_message,messaging-service,/v19.0/{phone_number_id}/messages,POST,200,wamid.HBgL132669740493504,0,3.2.0,whatsapp-business-api
wa-exec-000236,WhatsApp Order Confirmation Sender,2026-09-25 21:31:12,failure,0.897,MEDIA_DOWNLOAD_ERROR,(#131053) Media download error - the referenced media file could not be retrieved from the provided URL.,131053,,production,send_template_message,messaging-service,/v19.0/{phone_number_id}/messages,POST,400,wamid.HBgL936169643373407,0,3.2.0,whatsapp-business-api
wa-exec-000237,WhatsApp Order Confirmation Sender,2026-09-25 22:05:08,success,1.62,,,,,production,send_template_message,messaging-service,/v19.0/{phone_number_id}/messages,POST,200,wamid.HBgL639850121659462,0,3.2.0,whatsapp-business-api
wa-exec-000238,WhatsApp Order Confirmation Sender,2026-09-25 23:12:51,success,1.413,,,,,production,send_template_message,messaging-service,/v19.0/{phone_number_id}/messages,POST,200,wamid.HBgL702849763339601,0,3.2.0,whatsapp-business-api
wa-exec-000239,WhatsApp Order Confirmation Sender,2026-09-26 00:05:16,success,0.788,,,,,production,send_template_message,messaging-service,/v19.0/{phone_number_id}/messages,POST,200,wamid.HBgL322237712372817,0,3.2.0,whatsapp-business-api
wa-exec-000240,WhatsApp Order Confirmation Sender,2026-09-26 01:04:34,success,1.399,,,,,production,send_template_message,messaging-service,/v19.0/{phone_number_id}/messages,POST,200,wamid.HBgL368762372965809,0,3.2.0,whatsapp-business-api
wa-exec-000241,WhatsApp Order Confirmation Sender,2026-09-26 01:47:13,success,1.746,,,,,production,send_template_message,messaging-service,/v19.0/{phone_number_id}/messages,POST,200,wamid.HBgL601485025159499,0,3.2.0,whatsapp-business-api
wa-exec-000242,WhatsApp Order Confirmation Sender,2026-09-26 02:54:13,success,1.288,,,,,production,send_template_message,messaging-service,/v19.0/{phone_number_id}/messages,POST,200,wamid.HBgL575665062101014,0,3.2.0,whatsapp-business-api
wa-exec-000243,WhatsApp Order Confirmation Sender,2026-09-26 04:15:28,success,0.423,,,,,production,send_template_message,messaging-service,/v19.0/{phone_number_id}/messages,POST,200,wamid.HBgL589593825655885,0,3.2.0,whatsapp-business-api
wa-exec-000244,WhatsApp Order Confirmation Sender,2026-09-26 05:11:14,success,0.492,,,,,production,send_template_message,messaging-service,/v19.0/{phone_number_id}/messages,POST,200,wamid.HBgL738278811775918,0,3.2.0,whatsapp-business-api
wa-exec-000245,WhatsApp Order Confirmation Sender,2026-09-26 05:57:34,success,1.071,,,,,production,send_template_message,messaging-service,/v19.0/{phone_number_id}/messages,POST,200,wamid.HBgL377333552762473,0,3.2.0,whatsapp-business-api
wa-exec-000246,WhatsApp Order Confirmation Sender,2026-09-26 06:39:14,success,1.686,,,,,production,send_template_message,messaging-service,/v19.0/{phone_number_id}/messages,POST,200,wamid.HBgL536725081745753,0,3.2.0,whatsapp-business-api
wa-exec-000247,WhatsApp Order Confirmation Sender,2026-09-26 07:34:22,success,0.457,,,,,production,send_template_message,messaging-service,/v19.0/{phone_number_id}/messages,POST,200,wamid.HBgL480143138412136,0,3.2.0,whatsapp-business-api
wa-exec-000248,WhatsApp Order Confirmation Sender,2026-09-26 08:48:37,success,0.355,,,,,production,send_template_message,messaging-service,/v19.0/{phone_number_id}/messages,POST,200,wamid.HBgL809454182790714,0,3.2.0,whatsapp-business-api
wa-exec-000249,WhatsApp Order Confirmation Sender,2026-09-26 09:04:54,failure,0.895,TEMPLATE_PARAM_MISMATCH,(#132000) Number of parameters provided in the template request (2) does not match the number of variables in the approved template (3).,132000,,production,send_template_message,messaging-service,/v19.0/{phone_number_id}/messages,POST,400,wamid.HBgL154168964550026,0,3.2.0,whatsapp-business-api
wa-exec-000250,WhatsApp Order Confirmation Sender,2026-09-26 10:37:55,success,1.248,,,,,production,send_template_message,messaging-service,/v19.0/{phone_number_id}/messages,POST,200,wamid.HBgL820792883076708,0,3.2.0,whatsapp-business-api
wa-exec-000251,WhatsApp Order Confirmation Sender,2026-09-26 11:01:39,success,0.411,,,,,production,send_template_message,messaging-service,/v19.0/{phone_number_id}/messages,POST,200,wamid.HBgL954982355400309,0,3.2.0,whatsapp-business-api
wa-exec-000252,WhatsApp Order Confirmation Sender,2026-09-26 12:18:45,success,0.99,,,,,production,send_template_message,messaging-service,/v19.0/{phone_number_id}/messages,POST,200,wamid.HBgL984698533451441,0,3.2.0,whatsapp-business-api
wa-exec-000253,WhatsApp Order Confirmation Sender,2026-09-26 13:05:11,success,0.88,,,,,production,send_template_message,messaging-service,/v19.0/{phone_number_id}/messages,POST,200,wamid.HBgL216139504392262,0,3.2.0,whatsapp-business-api
wa-exec-000254,WhatsApp Order Confirmation Sender,2026-09-26 14:05:40,success,1.233,,,,,production,send_template_message,messaging-service,/v19.0/{phone_number_id}/messages,POST,200,wamid.HBgL924835346388924,0,3.2.0,whatsapp-business-api
wa-exec-000255,WhatsApp Order Confirmation Sender,2026-09-26 15:05:18,success,1.235,,,,,production,send_template_message,messaging-service,/v19.0/{phone_number_id}/messages,POST,200,wamid.HBgL971832812791649,0,3.2.0,whatsapp-business-api
wa-exec-000256,WhatsApp Order Confirmation Sender,2026-09-26 15:58:53,success,1.524,,,,,production,send_template_message,messaging-service,/v19.0/{phone_number_id}/messages,POST,200,wamid.HBgL165459871198543,0,3.2.0,whatsapp-business-api
wa-exec-000257,WhatsApp Order Confirmation Sender,2026-09-26 16:49:38,success,0.425,,,,,production,send_template_message,messaging-service,/v19.0/{phone_number_id}/messages,POST,200,wamid.HBgL612960861592457,0,3.2.0,whatsapp-business-api
wa-exec-000258,WhatsApp Order Confirmation Sender,2026-09-26 17:47:46,success,1.42,,,,,production,send_template_message,messaging-service,/v19.0/{phone_number_id}/messages,POST,200,wamid.HBgL643296254965961,0,3.2.0,whatsapp-business-api
wa-exec-000259,WhatsApp Order Confirmation Sender,2026-09-26 18:31:53,success,1.204,,,,,production,send_template_message,messaging-service,/v19.0/{phone_number_id}/messages,POST,200,wamid.HBgL503117780571188,0,3.2.0,whatsapp-business-api
wa-exec-000260,WhatsApp Order Confirmation Sender,2026-09-26 19:35:15,success,0.774,,,,,production,send_template_message,messaging-service,/v19.0/{phone_number_id}/messages,POST,200,wamid.HBgL231301119394533,0,3.2.0,whatsapp-business-api
